-- MySQL Script generated by MySQL Workbench
-- Fri Apr 16 11:50:15 2021
-- Model: New Model    Version: 1.0
-- MySQL Workbench Forward Engineering

SET @OLD_UNIQUE_CHECKS=@@UNIQUE_CHECKS, UNIQUE_CHECKS=0;
SET @OLD_FOREIGN_KEY_CHECKS=@@FOREIGN_KEY_CHECKS, FOREIGN_KEY_CHECKS=0;
SET @OLD_SQL_MODE=@@SQL_MODE, SQL_MODE='ONLY_FULL_GROUP_BY,STRICT_TRANS_TABLES,NO_ZERO_IN_DATE,NO_ZERO_DATE,ERROR_FOR_DIVISION_BY_ZERO,NO_ENGINE_SUBSTITUTION';

-- -----------------------------------------------------
-- Schema mydb
-- -----------------------------------------------------

-- -----------------------------------------------------
-- Schema mydb
-- -----------------------------------------------------
CREATE SCHEMA IF NOT EXISTS `mydb` DEFAULT CHARACTER SET utf8 ;
USE `mydb` ;

-- -----------------------------------------------------
-- Table `mydb`.`DziedzinaPracy`
-- -----------------------------------------------------
CREATE TABLE IF NOT EXISTS `mydb`.`DziedzinaPracy` (
  `ID_DziedzinaPracy` INT NOT NULL AUTO_INCREMENT,
  `Nazwa` VARCHAR(40) NOT NULL,
  PRIMARY KEY (`ID_DziedzinaPracy`),
  UNIQUE INDEX `ID_DziedzinaPracy_UNIQUE` (`ID_DziedzinaPracy` ASC) VISIBLE)
ENGINE = InnoDB;


-- -----------------------------------------------------
-- Table `mydb`.`Rodzaj Umowy`
-- -----------------------------------------------------
CREATE TABLE IF NOT EXISTS `mydb`.`Rodzaj Umowy` (
  `ID_RodzajUmowy` INT NOT NULL AUTO_INCREMENT,
  `Nazwa` VARCHAR(70) NOT NULL,
  PRIMARY KEY (`ID_RodzajUmowy`),
  UNIQUE INDEX `ID_RodzajUmowy_UNIQUE` (`ID_RodzajUmowy` ASC) VISIBLE)
ENGINE = InnoDB;


-- -----------------------------------------------------
-- Table `mydb`.`Umowa`
-- -----------------------------------------------------
CREATE TABLE IF NOT EXISTS `mydb`.`Umowa` (
  `ID_Umowa` INT NOT NULL AUTO_INCREMENT,
  `Miejsce Wykonania` VARCHAR(30) NOT NULL,
  `Wynagrodzenie` DECIMAL(7,2) NOT NULL,
  `Czas Pracy` VARCHAR(5) NOT NULL,
  `Rodzaj Umowy_ID_RodzajUmowy` INT NULL,
  PRIMARY KEY (`ID_Umowa`),
  UNIQUE INDEX `ID_Umowa_UNIQUE` (`ID_Umowa` ASC) VISIBLE,
  UNIQUE INDEX `Miejsce Wykonania_UNIQUE` (`Miejsce Wykonania` ASC) VISIBLE,
  INDEX `fk_Umowa_Rodzaj Umowy1_idx` (`Rodzaj Umowy_ID_RodzajUmowy` ASC) VISIBLE,
  CONSTRAINT `fk_Umowa_Rodzaj Umowy1`
    FOREIGN KEY (`Rodzaj Umowy_ID_RodzajUmowy`)
    REFERENCES `mydb`.`Rodzaj Umowy` (`ID_RodzajUmowy`)
    ON DELETE NO ACTION
    ON UPDATE NO ACTION)
ENGINE = InnoDB;


-- -----------------------------------------------------
-- Table `mydb`.`Uprawnienia`
-- -----------------------------------------------------
CREATE TABLE IF NOT EXISTS `mydb`.`Uprawnienia` (
  `ID_Uprawnienia` INT NOT NULL AUTO_INCREMENT,
  `Rodzaj uprawnień` VARCHAR(30) NOT NULL,
  UNIQUE INDEX `ID_Uprawnienia_UNIQUE` (`ID_Uprawnienia` ASC) VISIBLE,
  PRIMARY KEY (`ID_Uprawnienia`))
ENGINE = InnoDB;


-- -----------------------------------------------------
-- Table `mydb`.`StatusKonta`
-- -----------------------------------------------------
CREATE TABLE IF NOT EXISTS `mydb`.`StatusKonta` (
  `ID_StatusKonta` INT NOT NULL AUTO_INCREMENT,
  `Nazwa` VARCHAR(50) NOT NULL,
  PRIMARY KEY (`ID_StatusKonta`),
  UNIQUE INDEX `ID_StatusKonta_UNIQUE` (`ID_StatusKonta` ASC) VISIBLE)
ENGINE = InnoDB;


-- -----------------------------------------------------
-- Table `mydb`.`DaneLogowaniaPracodawca`
-- -----------------------------------------------------
CREATE TABLE IF NOT EXISTS `mydb`.`DaneLogowaniaPracodawca` (
  `ID_DaneLogowaniaPracodawca` INT NOT NULL AUTO_INCREMENT,
  `Login` VARCHAR(40) NOT NULL,
  `Hasło` VARCHAR(40) NOT NULL,
  `Data Utworzenia` DATE NOT NULL,
  `Pracodawca_ID_Pracodawca` INT NOT NULL,
  `Uprawnienia_ID_Uprawnienia` INT NOT NULL,
  `StatusKonta_ID_StatusKonta` INT NOT NULL,
  PRIMARY KEY (`ID_DaneLogowaniaPracodawca`),
  UNIQUE INDEX `ID_DaneLogowania_UNIQUE` (`ID_DaneLogowaniaPracodawca` ASC) VISIBLE,
  UNIQUE INDEX `Login_UNIQUE` (`Login` ASC) VISIBLE,
  UNIQUE INDEX `Hasło_UNIQUE` (`Hasło` ASC) VISIBLE,
  INDEX `fk_DaneLogowania_Uprawnienia1_idx` (`Uprawnienia_ID_Uprawnienia` ASC) VISIBLE,
  INDEX `fk_DaneLogowania_StatusKonta1_idx` (`StatusKonta_ID_StatusKonta` ASC) VISIBLE,
  CONSTRAINT `fk_DaneLogowania_Uprawnienia10`
    FOREIGN KEY (`Uprawnienia_ID_Uprawnienia`)
    REFERENCES `mydb`.`Uprawnienia` (`ID_Uprawnienia`)
    ON DELETE NO ACTION
    ON UPDATE NO ACTION,
  CONSTRAINT `fk_DaneLogowania_StatusKonta10`
    FOREIGN KEY (`StatusKonta_ID_StatusKonta`)
    REFERENCES `mydb`.`StatusKonta` (`ID_StatusKonta`)
    ON DELETE NO ACTION
    ON UPDATE NO ACTION)
ENGINE = InnoDB;


-- -----------------------------------------------------
-- Table `mydb`.`Pracodawca`
-- -----------------------------------------------------
CREATE TABLE IF NOT EXISTS `mydb`.`Pracodawca` (
  `ID_Pracodawca` INT NOT NULL AUTO_INCREMENT,
  `Nazwa` VARCHAR(60) NOT NULL,
  `Miasto` VARCHAR(40) NOT NULL,
  `KodPocztowy` VARCHAR(6) NOT NULL,
  `Województwo` VARCHAR(40) NULL,
  `Ulica` VARCHAR(30) NULL,
  `Nr domu` VARCHAR(5) NOT NULL,
  `Nr Mieszkania` VARCHAR(5) NULL,
  `Telefon` VARCHAR(12) NOT NULL,
  `Email` VARCHAR(40) NOT NULL,
  `DaneLogowaniaPracodawcy_ID_DaneLogowania` INT NOT NULL,
  UNIQUE INDEX `ID_Pracodawca_UNIQUE` (`ID_Pracodawca` ASC) VISIBLE,
  PRIMARY KEY (`ID_Pracodawca`),
  UNIQUE INDEX `Telefon_UNIQUE` (`Telefon` ASC) VISIBLE,
  UNIQUE INDEX `Email_UNIQUE` (`Email` ASC) VISIBLE,
  INDEX `fk_Pracodawca_DaneLogowaniaPracodawcy1_idx` (`DaneLogowaniaPracodawcy_ID_DaneLogowania` ASC) VISIBLE,
  CONSTRAINT `fk_Pracodawca_DaneLogowaniaPracodawcy1`
    FOREIGN KEY (`DaneLogowaniaPracodawcy_ID_DaneLogowania`)
    REFERENCES `mydb`.`DaneLogowaniaPracodawca` (`ID_DaneLogowaniaPracodawca`)
    ON DELETE NO ACTION
    ON UPDATE NO ACTION)
ENGINE = InnoDB;


-- -----------------------------------------------------
-- Table `mydb`.`Stanowisko`
-- -----------------------------------------------------
CREATE TABLE IF NOT EXISTS `mydb`.`Stanowisko` (
  `ID_Stanowisko` INT NOT NULL AUTO_INCREMENT,
  `Nazwa` VARCHAR(40) NOT NULL,
  PRIMARY KEY (`ID_Stanowisko`),
  UNIQUE INDEX `ID_Stanowisko_UNIQUE` (`ID_Stanowisko` ASC) VISIBLE)
ENGINE = InnoDB;


-- -----------------------------------------------------
-- Table `mydb`.`OfertyPracy`
-- -----------------------------------------------------
CREATE TABLE IF NOT EXISTS `mydb`.`OfertyPracy` (
  `ID_OfertyPracy` INT NOT NULL AUTO_INCREMENT,
  `Nazwa` VARCHAR(50) NOT NULL,
  `Opis` LONGTEXT NOT NULL,
  `DziedzinaPracy_ID_DziedzinaPracy` INT NULL,
  `Umowa_ID_Umowa` INT NOT NULL,
  `Pracodawca_ID_Pracodawca` INT NOT NULL,
  `Stanowisko_ID_Stanowisko` INT NULL,
  `JezykiObceOfertyPracy_ID_JezykiObce` INT NOT NULL,
  PRIMARY KEY (`ID_OfertyPracy`),
  UNIQUE INDEX `ID_OfertyPracy_UNIQUE` (`ID_OfertyPracy` ASC) VISIBLE,
  INDEX `fk_OfertyPracy_DziedzinaPracy1_idx` (`DziedzinaPracy_ID_DziedzinaPracy` ASC) VISIBLE,
  INDEX `fk_OfertyPracy_Umowa1_idx` (`Umowa_ID_Umowa` ASC) VISIBLE,
  INDEX `fk_OfertyPracy_Pracodawca1_idx` (`Pracodawca_ID_Pracodawca` ASC) VISIBLE,
  INDEX `fk_OfertyPracy_Stanowisko1_idx` (`Stanowisko_ID_Stanowisko` ASC) VISIBLE,
  CONSTRAINT `fk_OfertyPracy_DziedzinaPracy1`
    FOREIGN KEY (`DziedzinaPracy_ID_DziedzinaPracy`)
    REFERENCES `mydb`.`DziedzinaPracy` (`ID_DziedzinaPracy`)
    ON DELETE NO ACTION
    ON UPDATE NO ACTION,
  CONSTRAINT `fk_OfertyPracy_Umowa1`
    FOREIGN KEY (`Umowa_ID_Umowa`)
    REFERENCES `mydb`.`Umowa` (`ID_Umowa`)
    ON DELETE NO ACTION
    ON UPDATE NO ACTION,
  CONSTRAINT `fk_OfertyPracy_Pracodawca1`
    FOREIGN KEY (`Pracodawca_ID_Pracodawca`)
    REFERENCES `mydb`.`Pracodawca` (`ID_Pracodawca`)
    ON DELETE NO ACTION
    ON UPDATE NO ACTION,
  CONSTRAINT `fk_OfertyPracy_Stanowisko1`
    FOREIGN KEY (`Stanowisko_ID_Stanowisko`)
    REFERENCES `mydb`.`Stanowisko` (`ID_Stanowisko`)
    ON DELETE NO ACTION
    ON UPDATE NO ACTION)
ENGINE = InnoDB;


-- -----------------------------------------------------
-- Table `mydb`.`PoszukujacyPracy`
-- -----------------------------------------------------
CREATE TABLE IF NOT EXISTS `mydb`.`PoszukujacyPracy` (
  `ID_PoszukujacyPracy` INT NOT NULL AUTO_INCREMENT,
  `Imie` VARCHAR(30) NOT NULL,
  `Drugie Imie` VARCHAR(30) NULL,
  `Nazwisko` VARCHAR(40) NOT NULL,
  `Email` VARCHAR(40) NOT NULL,
  `Telefon` VARCHAR(12) NOT NULL,
  `JezykiObcePoszukujacyPracy_ID_JezykiObce` INT NOT NULL,
  PRIMARY KEY (`ID_PoszukujacyPracy`),
  UNIQUE INDEX `ID_PoszukujacyPracy_UNIQUE` (`ID_PoszukujacyPracy` ASC) VISIBLE,
  UNIQUE INDEX `Email_UNIQUE` (`Email` ASC) VISIBLE,
  UNIQUE INDEX `Telefon_UNIQUE` (`Telefon` ASC) VISIBLE)
ENGINE = InnoDB;


-- -----------------------------------------------------
-- Table `mydb`.`Kwalifikacje`
-- -----------------------------------------------------
CREATE TABLE IF NOT EXISTS `mydb`.`Kwalifikacje` (
  `ID_Kwalifikacje` INT NOT NULL AUTO_INCREMENT,
  `Doswiadczenie` LONGTEXT NOT NULL,
  `Edukacja` LONGTEXT NOT NULL,
  `Informacje dodatkowe` LONGTEXT,
  PRIMARY KEY (`ID_Kwalifikacje`),
  UNIQUE INDEX `ID_Kwalifikacje_UNIQUE` (`ID_Kwalifikacje` ASC) VISIBLE)
ENGINE = InnoDB;


-- -----------------------------------------------------
-- Table `mydb`.`List`
-- -----------------------------------------------------
CREATE TABLE IF NOT EXISTS `mydb`.`List` (
  `ID_Listu` INT NOT NULL AUTO_INCREMENT,
  `Tresc` VARCHAR(45) NOT NULL,
  `PoszukujacyPracy_ID_PoszukujacyPracy` INT NOT NULL,
  PRIMARY KEY (`ID_Listu`),
  UNIQUE INDEX `ID_Listu_UNIQUE` (`ID_Listu` ASC) VISIBLE,
  INDEX `fk_List_PoszukujacyPracy1_idx` (`PoszukujacyPracy_ID_PoszukujacyPracy` ASC) VISIBLE,
  CONSTRAINT `fk_List_PoszukujacyPracy1`
    FOREIGN KEY (`PoszukujacyPracy_ID_PoszukujacyPracy`)
    REFERENCES `mydb`.`PoszukujacyPracy` (`ID_PoszukujacyPracy`)
    ON DELETE NO ACTION
    ON UPDATE NO ACTION)
ENGINE = InnoDB;


-- -----------------------------------------------------
-- Table `mydb`.`StatusZgłoszenia`
-- -----------------------------------------------------
CREATE TABLE IF NOT EXISTS `mydb`.`StatusZgłoszenia` (
  `ID_StatusZgłoszenia` INT NOT NULL AUTO_INCREMENT,
  `Nazwa` VARCHAR(25) NOT NULL,
  `Opis` LONGTEXT NULL,
  PRIMARY KEY (`ID_StatusZgłoszenia`),
  UNIQUE INDEX `ID_StatusZgłoszenia_UNIQUE` (`ID_StatusZgłoszenia` ASC) VISIBLE)
ENGINE = InnoDB;


-- -----------------------------------------------------
-- Table `mydb`.`Rekrutacja`
-- -----------------------------------------------------
CREATE TABLE IF NOT EXISTS `mydb`.`Rekrutacja` (
  `ID_Rekrutacja` INT NOT NULL AUTO_INCREMENT,
  `Informacja zwrotna` VARCHAR(200) NOT NULL,
  `OfertyPracy_ID_OfertyPracy` INT NOT NULL,
  PRIMARY KEY (`ID_Rekrutacja`),
  UNIQUE INDEX `ID_Rekrutacja_UNIQUE` (`ID_Rekrutacja` ASC) VISIBLE,
  INDEX `fk_Rekrutacja_OfertyPracy1_idx` (`OfertyPracy_ID_OfertyPracy` ASC) VISIBLE,
  CONSTRAINT `fk_Rekrutacja_OfertyPracy1`
    FOREIGN KEY (`OfertyPracy_ID_OfertyPracy`)
    REFERENCES `mydb`.`OfertyPracy` (`ID_OfertyPracy`)
    ON DELETE NO ACTION
    ON UPDATE NO ACTION)
ENGINE = InnoDB;


-- -----------------------------------------------------
-- Table `mydb`.`Zgloszenie`
-- -----------------------------------------------------
CREATE TABLE IF NOT EXISTS `mydb`.`Zgloszenie` (
  `ID_Zgloszenie` INT NOT NULL AUTO_INCREMENT,
  `Termin składania zgłoszenia` DATE NOT NULL,
  `PoszukujacyPracy_ID_PoszukujacyPracy` INT NOT NULL,
  `StatusZgłoszenia_ID_StatusZgłoszenia` INT NOT NULL,
  `Rekrutacja_ID_Rekrutacja` INT NOT NULL,
  UNIQUE INDEX `ID_Zgloszenia_UNIQUE` (`ID_Zgloszenie` ASC) VISIBLE,
  PRIMARY KEY (`ID_Zgloszenie`),
  INDEX `fk_Zgloszenia_PoszukujacyPracy1_idx` (`PoszukujacyPracy_ID_PoszukujacyPracy` ASC) VISIBLE,
  INDEX `fk_Zgloszenia_StatusZgłoszenia1_idx` (`StatusZgłoszenia_ID_StatusZgłoszenia` ASC) VISIBLE,
  INDEX `fk_Zgloszenia_Rekrutacja1_idx` (`Rekrutacja_ID_Rekrutacja` ASC) VISIBLE,
  CONSTRAINT `fk_Zgloszenia_PoszukujacyPracy1`
    FOREIGN KEY (`PoszukujacyPracy_ID_PoszukujacyPracy`)
    REFERENCES `mydb`.`PoszukujacyPracy` (`ID_PoszukujacyPracy`)
    ON DELETE NO ACTION
    ON UPDATE NO ACTION,
  CONSTRAINT `fk_Zgloszenia_StatusZgłoszenia1`
    FOREIGN KEY (`StatusZgłoszenia_ID_StatusZgłoszenia`)
    REFERENCES `mydb`.`StatusZgłoszenia` (`ID_StatusZgłoszenia`)
    ON DELETE NO ACTION
    ON UPDATE NO ACTION,
  CONSTRAINT `fk_Zgloszenia_Rekrutacja1`
    FOREIGN KEY (`Rekrutacja_ID_Rekrutacja`)
    REFERENCES `mydb`.`Rekrutacja` (`ID_Rekrutacja`)
    ON DELETE NO ACTION
    ON UPDATE NO ACTION)
ENGINE = InnoDB;


-- -----------------------------------------------------
-- Table `mydb`.`DaneLogowaniaPoszukujacyPracy`
-- -----------------------------------------------------
CREATE TABLE IF NOT EXISTS `mydb`.`DaneLogowaniaPoszukujacyPracy` (
  `ID_DaneLogowaniaPoszukujacyPracy` INT NOT NULL AUTO_INCREMENT,
  `Login` VARCHAR(40) NOT NULL,
  `Hasło` VARCHAR(40) NOT NULL,
  `Data Utworzenia` DATE NOT NULL,
  `Pracodawca_ID_Pracodawca` INT NOT NULL,
  `Uprawnienia_ID_Uprawnienia` INT NOT NULL,
  `StatusKonta_ID_StatusKonta` INT NOT NULL,
  `PoszukujacyPracy_ID_PoszukujacyPracy` INT NOT NULL,
  PRIMARY KEY (`ID_DaneLogowaniaPoszukujacyPracy`),
  UNIQUE INDEX `ID_DaneLogowania_UNIQUE` (`ID_DaneLogowaniaPoszukujacyPracy` ASC) VISIBLE,
  UNIQUE INDEX `Login_UNIQUE` (`Login` ASC) VISIBLE,
  UNIQUE INDEX `Hasło_UNIQUE` (`Hasło` ASC) VISIBLE,
  INDEX `fk_DaneLogowania_Uprawnienia1_idx` (`Uprawnienia_ID_Uprawnienia` ASC) VISIBLE,
  INDEX `fk_DaneLogowania_StatusKonta1_idx` (`StatusKonta_ID_StatusKonta` ASC) VISIBLE,
  INDEX `fk_DaneLogowaniaPoszukujacyPracy_PoszukujacyPracy1_idx` (`PoszukujacyPracy_ID_PoszukujacyPracy` ASC) VISIBLE,
  CONSTRAINT `fk_DaneLogowania_Uprawnienia1`
    FOREIGN KEY (`Uprawnienia_ID_Uprawnienia`)
    REFERENCES `mydb`.`Uprawnienia` (`ID_Uprawnienia`)
    ON DELETE NO ACTION
    ON UPDATE NO ACTION,
  CONSTRAINT `fk_DaneLogowania_StatusKonta1`
    FOREIGN KEY (`StatusKonta_ID_StatusKonta`)
    REFERENCES `mydb`.`StatusKonta` (`ID_StatusKonta`)
    ON DELETE NO ACTION
    ON UPDATE NO ACTION,
  CONSTRAINT `fk_DaneLogowaniaPoszukujacyPracy_PoszukujacyPracy1`
    FOREIGN KEY (`PoszukujacyPracy_ID_PoszukujacyPracy`)
    REFERENCES `mydb`.`PoszukujacyPracy` (`ID_PoszukujacyPracy`)
    ON DELETE NO ACTION
    ON UPDATE NO ACTION)
ENGINE = InnoDB;


-- -----------------------------------------------------
-- Table `mydb`.`StatusLogowania`
-- -----------------------------------------------------
CREATE TABLE IF NOT EXISTS `mydb`.`StatusLogowania` (
  `ID_StatusLogowania` INT NOT NULL AUTO_INCREMENT,
  `DataLogowania` DATE NOT NULL,
  `DataWylogowania` DATE NOT NULL,
  `DaneLogowaniaPracodawca_ID_DaneLogowania` INT NULL,
  `DaneLogowaniaPoszukujacyPracy_ID_DaneLogowania` INT NULL,
  PRIMARY KEY (`ID_StatusLogowania`),
  UNIQUE INDEX `ID_StatusDanychLogowania_UNIQUE` (`ID_StatusLogowania` ASC) VISIBLE,
  INDEX `fk_StatusLogowania_DaneLogowaniaPracodawcy1_idx` (`DaneLogowaniaPracodawca_ID_DaneLogowania` ASC) VISIBLE,
  INDEX `fk_StatusLogowania_DaneLogowaniaPoszukujacyPracy1_idx` (`DaneLogowaniaPoszukujacyPracy_ID_DaneLogowania` ASC) VISIBLE,
  CONSTRAINT `fk_StatusLogowania_DaneLogowaniaPracodawcy1`
    FOREIGN KEY (`DaneLogowaniaPracodawca_ID_DaneLogowania`)
    REFERENCES `mydb`.`DaneLogowaniaPracodawca` (`ID_DaneLogowaniaPracodawca`)
    ON DELETE NO ACTION
    ON UPDATE NO ACTION,
  CONSTRAINT `fk_StatusLogowania_DaneLogowaniaPoszukujacyPracy1`
    FOREIGN KEY (`DaneLogowaniaPoszukujacyPracy_ID_DaneLogowania`)
    REFERENCES `mydb`.`DaneLogowaniaPoszukujacyPracy` (`ID_DaneLogowaniaPoszukujacyPracy`)
    ON DELETE NO ACTION
    ON UPDATE NO ACTION)
ENGINE = InnoDB;


-- -----------------------------------------------------
-- Table `mydb`.`ID_JezykiObce`
-- -----------------------------------------------------
CREATE TABLE IF NOT EXISTS `mydb`.`ID_JezykiObce` (
  `ID_JezykiObce` INT NOT NULL AUTO_INCREMENT,
  `Nazwa` VARCHAR(30) NOT NULL,
  `Stopień zaawansowania` VARCHAR(30) NOT NULL,
  PRIMARY KEY (`ID_JezykiObce`))
ENGINE = InnoDB;


-- -----------------------------------------------------
-- Table `mydb`.`JezykiObceOfertyPracy`
-- -----------------------------------------------------
CREATE TABLE IF NOT EXISTS `mydb`.`JezykiObceOfertyPracy` (
  `ID_JezykiObce_ID_JezykiObce` INT NOT NULL,
  `OfertyPracy_ID_OfertyPracy` INT NOT NULL,
  INDEX `fk_ID_JezykiObce_has_OfertyPracy_OfertyPracy1_idx` (`OfertyPracy_ID_OfertyPracy` ASC) VISIBLE,
  INDEX `fk_ID_JezykiObce_has_OfertyPracy_ID_JezykiObce1_idx` (`ID_JezykiObce_ID_JezykiObce` ASC) VISIBLE,
  CONSTRAINT `fk_ID_JezykiObce_has_OfertyPracy_ID_JezykiObce1`
    FOREIGN KEY (`ID_JezykiObce_ID_JezykiObce`)
    REFERENCES `mydb`.`ID_JezykiObce` (`ID_JezykiObce`)
    ON DELETE NO ACTION
    ON UPDATE NO ACTION,
  CONSTRAINT `fk_ID_JezykiObce_has_OfertyPracy_OfertyPracy1`
    FOREIGN KEY (`OfertyPracy_ID_OfertyPracy`)
    REFERENCES `mydb`.`OfertyPracy` (`ID_OfertyPracy`)
    ON DELETE NO ACTION
    ON UPDATE NO ACTION)
ENGINE = InnoDB;


-- -----------------------------------------------------
-- Table `mydb`.`JezykiObcePoszukujacyPracy`
-- -----------------------------------------------------
CREATE TABLE IF NOT EXISTS `mydb`.`JezykiObcePoszukujacyPracy` (
  `ID_JezykiObce_ID_JezykiObce` INT NOT NULL,
  `PoszukujacyPracy_ID_PoszukujacyPracy` INT NOT NULL,
  INDEX `fk_ID_JezykiObce_has_PoszukujacyPracy_PoszukujacyPracy1_idx` (`PoszukujacyPracy_ID_PoszukujacyPracy` ASC) VISIBLE,
  INDEX `fk_ID_JezykiObce_has_PoszukujacyPracy_ID_JezykiObce1_idx` (`ID_JezykiObce_ID_JezykiObce` ASC) VISIBLE,
  CONSTRAINT `fk_ID_JezykiObce_has_PoszukujacyPracy_ID_JezykiObce1`
    FOREIGN KEY (`ID_JezykiObce_ID_JezykiObce`)
    REFERENCES `mydb`.`ID_JezykiObce` (`ID_JezykiObce`)
    ON DELETE NO ACTION
    ON UPDATE NO ACTION,
  CONSTRAINT `fk_ID_JezykiObce_has_PoszukujacyPracy_PoszukujacyPracy1`
    FOREIGN KEY (`PoszukujacyPracy_ID_PoszukujacyPracy`)
    REFERENCES `mydb`.`PoszukujacyPracy` (`ID_PoszukujacyPracy`)
    ON DELETE NO ACTION
    ON UPDATE NO ACTION)
ENGINE = InnoDB;


-- -----------------------------------------------------
-- Table `mydb`.`KwalifikacjeOfertyPracy`
-- -----------------------------------------------------
CREATE TABLE IF NOT EXISTS `mydb`.`KwalifikacjeOfertyPracy` (
  `Kwalifikacje_ID_Kwalifikacje` INT NOT NULL,
  `OfertyPracy_ID_OfertyPracy` INT NOT NULL,
  INDEX `fk_Kwalifikacje_has_OfertyPracy_OfertyPracy1_idx` (`OfertyPracy_ID_OfertyPracy` ASC) VISIBLE,
  INDEX `fk_Kwalifikacje_has_OfertyPracy_Kwalifikacje1_idx` (`Kwalifikacje_ID_Kwalifikacje` ASC) VISIBLE,
  CONSTRAINT `fk_Kwalifikacje_has_OfertyPracy_Kwalifikacje1`
    FOREIGN KEY (`Kwalifikacje_ID_Kwalifikacje`)
    REFERENCES `mydb`.`Kwalifikacje` (`ID_Kwalifikacje`)
    ON DELETE NO ACTION
    ON UPDATE NO ACTION,
  CONSTRAINT `fk_Kwalifikacje_has_OfertyPracy_OfertyPracy1`
    FOREIGN KEY (`OfertyPracy_ID_OfertyPracy`)
    REFERENCES `mydb`.`OfertyPracy` (`ID_OfertyPracy`)
    ON DELETE NO ACTION
    ON UPDATE NO ACTION)
ENGINE = InnoDB;


-- -----------------------------------------------------
-- Table `mydb`.`KwalifikacjePoszukujacyPracy`
-- -----------------------------------------------------
CREATE TABLE IF NOT EXISTS `mydb`.`KwalifikacjePoszukujacyPracy` (
  `Kwalifikacje_ID_Kwalifikacje` INT NOT NULL,
  `PoszukujacyPracy_ID_PoszukujacyPracy` INT NOT NULL,
  INDEX `fk_Kwalifikacje_has_PoszukujacyPracy_PoszukujacyPracy1_idx` (`PoszukujacyPracy_ID_PoszukujacyPracy` ASC) VISIBLE,
  INDEX `fk_Kwalifikacje_has_PoszukujacyPracy_Kwalifikacje1_idx` (`Kwalifikacje_ID_Kwalifikacje` ASC) VISIBLE,
  CONSTRAINT `fk_Kwalifikacje_has_PoszukujacyPracy_Kwalifikacje1`
    FOREIGN KEY (`Kwalifikacje_ID_Kwalifikacje`)
    REFERENCES `mydb`.`Kwalifikacje` (`ID_Kwalifikacje`)
    ON DELETE NO ACTION
    ON UPDATE NO ACTION,
  CONSTRAINT `fk_Kwalifikacje_has_PoszukujacyPracy_PoszukujacyPracy1`
    FOREIGN KEY (`PoszukujacyPracy_ID_PoszukujacyPracy`)
    REFERENCES `mydb`.`PoszukujacyPracy` (`ID_PoszukujacyPracy`)
    ON DELETE NO ACTION
    ON UPDATE NO ACTION)
ENGINE = InnoDB;


SET SQL_MODE=@OLD_SQL_MODE;
SET FOREIGN_KEY_CHECKS=@OLD_FOREIGN_KEY_CHECKS;
SET UNIQUE_CHECKS=@OLD_UNIQUE_CHECKS;

INSERT INTO `DziedzinaPracy` (`ID_DziedzinaPracy` , `Nazwa`) VALUES (1, 'Administracja');
INSERT INTO `DziedzinaPracy` (`ID_DziedzinaPracy` , `Nazwa`) VALUES (2, 'Informatyka');
INSERT INTO `DziedzinaPracy` (`ID_DziedzinaPracy` , `Nazwa`) VALUES (3, 'Budownictwo');

INSERT INTO `Rodzaj Umowy` ( `ID_RodzajUmowy`, `Nazwa`) VALUES (1, 'Umowa o pracę');
INSERT INTO `Rodzaj Umowy` ( `ID_RodzajUmowy`, `Nazwa`) VALUES (2, 'Umowa o dzieło');
INSERT INTO `Rodzaj Umowy` ( `ID_RodzajUmowy`, `Nazwa`) VALUES (3, 'Umowa zlecenie');
  
INSERT INTO `Umowa` (`ID_Umowa`, `Miejsce Wykonania`, `Wynagrodzenie`, `Czas Pracy`, `Rodzaj Umowy_ID_RodzajUmowy`) VALUES
	(1, 'Warszawa', 3500, '120' ,1);
INSERT INTO `Umowa` (`ID_Umowa`, `Miejsce Wykonania`, `Wynagrodzenie`, `Czas Pracy`, `Rodzaj Umowy_ID_RodzajUmowy`) VALUES
	(2, 'Lublin', 3000, '110',2);
INSERT INTO `Umowa` (`ID_Umowa`, `Miejsce Wykonania`, `Wynagrodzenie`, `Czas Pracy`, `Rodzaj Umowy_ID_RodzajUmowy`) VALUES
	(3, 'Poznań', 5500, '140' ,3);

INSERT INTO `Uprawnienia` ( `ID_Uprawnienia` , `Rodzaj uprawnień` ) VALUES (1 , 'Użytkownik');
INSERT INTO `Uprawnienia` ( `ID_Uprawnienia` , `Rodzaj uprawnień` ) VALUES (2 , 'Użytkownik');
INSERT INTO `Uprawnienia` ( `ID_Uprawnienia` , `Rodzaj uprawnień` ) VALUES (3 , 'Użytkownik');
INSERT INTO `Uprawnienia` ( `ID_Uprawnienia` , `Rodzaj uprawnień` ) VALUES (4 , 'Pracodawca');
INSERT INTO `Uprawnienia` ( `ID_Uprawnienia` , `Rodzaj uprawnień` ) VALUES (5 , 'Pracodawca');
INSERT INTO `Uprawnienia` ( `ID_Uprawnienia` , `Rodzaj uprawnień` ) VALUES (6 , 'Pracodawca');

INSERT INTO `StatusKonta` (`ID_StatusKonta` , `Nazwa` ) VALUES (1, 'Niezablokowane');
INSERT INTO `StatusKonta` (`ID_StatusKonta` , `Nazwa` ) VALUES (2, 'Niezablokowane');
INSERT INTO `StatusKonta` (`ID_StatusKonta` , `Nazwa` ) VALUES (3, 'Niezablokowane');
INSERT INTO `StatusKonta` (`ID_StatusKonta` , `Nazwa` ) VALUES (4, 'Niezablokowane');
INSERT INTO `StatusKonta` (`ID_StatusKonta` , `Nazwa` ) VALUES (5, 'Niezablokowane');
INSERT INTO `StatusKonta` (`ID_StatusKonta` , `Nazwa` ) VALUES (6, 'Niezablokowane');

INSERT INTO `DaneLogowaniaPracodawca` (`ID_DaneLogowaniaPracodawca`, `Login`, `Hasło`, `Data Utworzenia`, `Pracodawca_ID_Pracodawca`, `Uprawnienia_ID_Uprawnienia`, `StatusKonta_ID_StatusKonta`) VALUES
(1, 'MietekW' , 'MietekW', '2021-04-12', 1 , 4 , 4);
INSERT INTO `DaneLogowaniaPracodawca` (`ID_DaneLogowaniaPracodawca`, `Login`, `Hasło`, `Data Utworzenia`, `Pracodawca_ID_Pracodawca`, `Uprawnienia_ID_Uprawnienia`, `StatusKonta_ID_StatusKonta`) VALUES
(2, 'MietekL' , 'MietekL', '2021-04-12', 2 , 5 , 5);
INSERT INTO `DaneLogowaniaPracodawca` (`ID_DaneLogowaniaPracodawca`, `Login`, `Hasło`, `Data Utworzenia`, `Pracodawca_ID_Pracodawca`, `Uprawnienia_ID_Uprawnienia`, `StatusKonta_ID_StatusKonta`) VALUES
(3, 'MietekP' , 'MietekP', '2021-04-12', 3 , 6 , 6);

INSERT INTO `Pracodawca` ( `ID_Pracodawca`,  `Nazwa`,  `Miasto`,  `KodPocztowy`,  `Województwo`,  `Ulica`,  `Nr domu` ,  `Nr Mieszkania`,  `Telefon` ,  `Email`,  `DaneLogowaniaPracodawcy_ID_DaneLogowania`) VALUES
(1, 'MietekW' , 'Warszawa', '03-887', 'mazowieckie', 'Al. Jerozolimskie', '43', '1A' , '015265489154', 'MietekW@gmail.com', 1);
INSERT INTO `Pracodawca` ( `ID_Pracodawca`,  `Nazwa`,  `Miasto`,  `KodPocztowy`,  `Województwo`,  `Ulica`,  `Nr domu` ,  `Nr Mieszkania`,  `Telefon` ,  `Email`,  `DaneLogowaniaPracodawcy_ID_DaneLogowania`) VALUES
(2, 'MietekL' , 'Lublin', '20-310', 'lubelskie', 'Al. Kraśnickie', '26', '' , '185265489154', 'MietekL@gmail.com', 2);
INSERT INTO `Pracodawca` ( `ID_Pracodawca`,  `Nazwa`,  `Miasto`,  `KodPocztowy`,  `Województwo`,  `Ulica`,  `Nr domu` ,  `Nr Mieszkania`,  `Telefon` ,  `Email`,  `DaneLogowaniaPracodawcy_ID_DaneLogowania`) VALUES
(3, 'MietekP' , 'Poznań', '30-468', 'wielkopolskie', 'Prosta', '43', '1A' , '015653254698', 'MietekP@gmail.com', 3);

INSERT INTO `Stanowisko` ( `ID_Stanowisko`, `Nazwa`) VALUES (1, 'Młodszy Specjalista');
INSERT INTO `Stanowisko` ( `ID_Stanowisko`, `Nazwa`) VALUES (2, 'Specjalista');
INSERT INTO `Stanowisko` ( `ID_Stanowisko`, `Nazwa`) VALUES (3, 'Starszy Specjalista');

INSERT INTO `OfertyPracy` ( `ID_OfertyPracy`, `Nazwa`, `Opis`, `DziedzinaPracy_ID_DziedzinaPracy`, `Umowa_ID_Umowa`, `Pracodawca_ID_Pracodawca`, `Stanowisko_ID_Stanowisko`, `JezykiObceOfertyPracy_ID_JezykiObce`) VALUES
(1,'Potrzebny peon w urzędzie pracy', 'Praca, praca!' ,1,1,1,1,1);
INSERT INTO `OfertyPracy` ( `ID_OfertyPracy`, `Nazwa`, `Opis`, `DziedzinaPracy_ID_DziedzinaPracy`, `Umowa_ID_Umowa`, `Pracodawca_ID_Pracodawca`, `Stanowisko_ID_Stanowisko`, `JezykiObceOfertyPracy_ID_JezykiObce`) VALUES
(2,'Programista', 'A Twój język to *werble* PHP!' ,2,2,2,2,2);
INSERT INTO `OfertyPracy` ( `ID_OfertyPracy`, `Nazwa`, `Opis`, `DziedzinaPracy_ID_DziedzinaPracy`, `Umowa_ID_Umowa`, `Pracodawca_ID_Pracodawca`, `Stanowisko_ID_Stanowisko`, `JezykiObceOfertyPracy_ID_JezykiObce`) VALUES
(3,'Operator koparki ręcznej', 'Nie opierać się o betoniarkę!' ,3,3,3,3,3);

INSERT INTO `PoszukujacyPracy` ( `ID_PoszukujacyPracy`, `Imie`, `Drugie Imie`, `Nazwisko`, `Email`, `Telefon`, `JezykiObcePoszukujacyPracy_ID_JezykiObce`) VALUES 
(1,'Andrzej','','Kowalski','andrzej@gmail.com','214569853214',4);
INSERT INTO `PoszukujacyPracy` ( `ID_PoszukujacyPracy`, `Imie`, `Drugie Imie`, `Nazwisko`, `Email`, `Telefon`, `JezykiObcePoszukujacyPracy_ID_JezykiObce`) VALUES 
(2,'Jan','','Nowak','jan@gmail.com','214652148214',5);
INSERT INTO `PoszukujacyPracy` ( `ID_PoszukujacyPracy`, `Imie`, `Drugie Imie`, `Nazwisko`, `Email`, `Telefon`, `JezykiObcePoszukujacyPracy_ID_JezykiObce`) VALUES 
(3,'Pjoter','','Rzyła','pjoter@gmail.com','214566413598',6);

INSERT INTO `Kwalifikacje` ( `ID_Kwalifikacje`, `Doswiadczenie`, `Edukacja`, `Informacje dodatkowe`) VALUES 
(1, 'Brak', 'Szkoła Wyższa w Bytomiu', 'Administracja to moje drugie życie');
INSERT INTO `Kwalifikacje` ( `ID_Kwalifikacje`, `Doswiadczenie`, `Edukacja`, `Informacje dodatkowe`) VALUES 
(2, '3 lata w branży', 'Politechnika Lubelska', 'PHP? A co to takiego?');
INSERT INTO `Kwalifikacje` ( `ID_Kwalifikacje`, `Doswiadczenie`, `Edukacja`, `Informacje dodatkowe`) VALUES 
(3, '10 lat', 'Zawodowa Szkoła Branżowa', '-');


INSERT INTO `List` ( `ID_Listu`, `Tresc`, `PoszukujacyPracy_ID_PoszukujacyPracy`) VALUES 
(1,'Dzień dobry, ja do urzędu pracy', 1);
INSERT INTO `List` ( `ID_Listu`, `Tresc`, `PoszukujacyPracy_ID_PoszukujacyPracy`) VALUES 
(2,'Proszę tylko nie PHP', 2);
INSERT INTO `List` ( `ID_Listu`, `Tresc`, `PoszukujacyPracy_ID_PoszukujacyPracy`) VALUES 
(3,'Co dziś kopiemy?', 3);

INSERT INTO `StatusZgłoszenia` ( `ID_StatusZgłoszenia` , `Nazwa`, `Opis`) VALUES 
(1, 'Oczekiwanie','Odezwiemy się do Pana');
INSERT INTO `StatusZgłoszenia` ( `ID_StatusZgłoszenia` , `Nazwa`, `Opis`) VALUES 
(2, 'Zatwierdzone','Oczekuj kontaktu');
INSERT INTO `StatusZgłoszenia` ( `ID_StatusZgłoszenia` , `Nazwa`, `Opis`) VALUES 
(3, 'Zatwierdzone','Oczekuj kontaktu');

INSERT INTO `Rekrutacja` ( `ID_Rekrutacja`, `Informacja zwrotna` , `OfertyPracy_ID_OfertyPracy`) VALUES 
(1,'Zgłoszenie przyjęte', 1);
INSERT INTO `Rekrutacja` ( `ID_Rekrutacja`, `Informacja zwrotna` , `OfertyPracy_ID_OfertyPracy`) VALUES 
(2,'Zgłoszenie przyjęte', 2);
INSERT INTO `Rekrutacja` ( `ID_Rekrutacja`, `Informacja zwrotna` , `OfertyPracy_ID_OfertyPracy`) VALUES 
(3,'Zgłoszenie przyjęte', 3);

INSERT INTO `Zgloszenie` ( `ID_Zgloszenie`, `Termin składania zgłoszenia`, `PoszukujacyPracy_ID_PoszukujacyPracy`, `StatusZgłoszenia_ID_StatusZgłoszenia`, `Rekrutacja_ID_Rekrutacja`) VALUES 
(1,'2020-03-03',1,1,1);
INSERT INTO `Zgloszenie` ( `ID_Zgloszenie`, `Termin składania zgłoszenia`, `PoszukujacyPracy_ID_PoszukujacyPracy`, `StatusZgłoszenia_ID_StatusZgłoszenia`, `Rekrutacja_ID_Rekrutacja`) VALUES 
(2,'2020-06-08',2,2,2);
INSERT INTO `Zgloszenie` ( `ID_Zgloszenie`, `Termin składania zgłoszenia`, `PoszukujacyPracy_ID_PoszukujacyPracy`, `StatusZgłoszenia_ID_StatusZgłoszenia`, `Rekrutacja_ID_Rekrutacja`) VALUES 
(3,'2020-05-23',3,3,3);

INSERT INTO `DaneLogowaniaPoszukujacyPracy` ( `ID_DaneLogowaniaPoszukujacyPracy`, `Login`, `Hasło`, `Data Utworzenia`, `Pracodawca_ID_Pracodawca`, `Uprawnienia_ID_Uprawnienia`, `StatusKonta_ID_StatusKonta`, `PoszukujacyPracy_ID_PoszukujacyPracy` ) VALUES
(1,'andrzejK','andrzej123','2020-03-28',1,1,1,1);
INSERT INTO `DaneLogowaniaPoszukujacyPracy` ( `ID_DaneLogowaniaPoszukujacyPracy`, `Login`, `Hasło`, `Data Utworzenia`, `Pracodawca_ID_Pracodawca`, `Uprawnienia_ID_Uprawnienia`, `StatusKonta_ID_StatusKonta`, `PoszukujacyPracy_ID_PoszukujacyPracy` ) VALUES
(2,'janN','jan123','2021-02-22',2,2,2,2);
INSERT INTO `DaneLogowaniaPoszukujacyPracy` ( `ID_DaneLogowaniaPoszukujacyPracy`, `Login`, `Hasło`, `Data Utworzenia`, `Pracodawca_ID_Pracodawca`, `Uprawnienia_ID_Uprawnienia`, `StatusKonta_ID_StatusKonta`, `PoszukujacyPracy_ID_PoszukujacyPracy` ) VALUES
(3,'pjoterR','pjoter123','2021-01-24',3,3,3,3);
  
INSERT INTO `StatusLogowania` ( `ID_StatusLogowania`, `DataLogowania`, `DataWylogowania`, `DaneLogowaniaPracodawca_ID_DaneLogowania`, `DaneLogowaniaPoszukujacyPracy_ID_DaneLogowania`) VALUES 
(1,'2020-03-28','2020-03-28',1,1);
INSERT INTO `StatusLogowania` ( `ID_StatusLogowania`, `DataLogowania`, `DataWylogowania`, `DaneLogowaniaPracodawca_ID_DaneLogowania`, `DaneLogowaniaPoszukujacyPracy_ID_DaneLogowania`) VALUES 
(2,'2021-02-22','2021-02-22',2,2);
INSERT INTO `StatusLogowania` ( `ID_StatusLogowania`, `DataLogowania`, `DataWylogowania`, `DaneLogowaniaPracodawca_ID_DaneLogowania`, `DaneLogowaniaPoszukujacyPracy_ID_DaneLogowania`) VALUES 
(3,'2021-01-24','2021-01-24',3,3);

INSERT INTO `ID_JezykiObce` ( `ID_JezykiObce`, `Nazwa` , `Stopień zaawansowania` ) VALUES
(1,'Angielski','C1');
INSERT INTO `ID_JezykiObce` ( `ID_JezykiObce`, `Nazwa` , `Stopień zaawansowania` ) VALUES
(2,'Angielski','B1');
INSERT INTO `ID_JezykiObce` ( `ID_JezykiObce`, `Nazwa` , `Stopień zaawansowania` ) VALUES
(3,'Angielski','A1');

INSERT INTO `JezykiObceOfertyPracy` ( `ID_JezykiObce_ID_JezykiObce`, `OfertyPracy_ID_OfertyPracy`) VALUES 
(1,1);
INSERT INTO `JezykiObceOfertyPracy` ( `ID_JezykiObce_ID_JezykiObce`, `OfertyPracy_ID_OfertyPracy`) VALUES 
(2,2);
INSERT INTO `JezykiObceOfertyPracy` ( `ID_JezykiObce_ID_JezykiObce`, `OfertyPracy_ID_OfertyPracy`) VALUES 
(3,3);

INSERT INTO `JezykiObcePoszukujacyPracy` ( `ID_JezykiObce_ID_JezykiObce`, `PoszukujacyPracy_ID_PoszukujacyPracy`) VALUES 
(1,1);
INSERT INTO `JezykiObcePoszukujacyPracy` ( `ID_JezykiObce_ID_JezykiObce`, `PoszukujacyPracy_ID_PoszukujacyPracy`) VALUES 
(2,2);
INSERT INTO `JezykiObcePoszukujacyPracy` ( `ID_JezykiObce_ID_JezykiObce`, `PoszukujacyPracy_ID_PoszukujacyPracy`) VALUES 
(3,3);

INSERT INTO `KwalifikacjeOfertyPracy` ( `Kwalifikacje_ID_Kwalifikacje`, `OfertyPracy_ID_OfertyPracy`) VALUES
(1,1);
INSERT INTO `KwalifikacjeOfertyPracy` ( `Kwalifikacje_ID_Kwalifikacje`, `OfertyPracy_ID_OfertyPracy`) VALUES
(2,2);
INSERT INTO `KwalifikacjeOfertyPracy` ( `Kwalifikacje_ID_Kwalifikacje`, `OfertyPracy_ID_OfertyPracy`) VALUES
(3,3);

INSERT INTO `KwalifikacjePoszukujacyPracy` ( `Kwalifikacje_ID_Kwalifikacje`, `PoszukujacyPracy_ID_PoszukujacyPracy`) VALUES 
(1,1);
INSERT INTO `KwalifikacjePoszukujacyPracy` ( `Kwalifikacje_ID_Kwalifikacje`, `PoszukujacyPracy_ID_PoszukujacyPracy`) VALUES 
(2,2);
INSERT INTO `KwalifikacjePoszukujacyPracy` ( `Kwalifikacje_ID_Kwalifikacje`, `PoszukujacyPracy_ID_PoszukujacyPracy`) VALUES 
(3,3);
